<?xml version="1.0" encoding="UTF-8" standalone="no"?><CollectionOfJava><subject name="collectionofJava"><question id="1"><questionDescription>WWhich of these standard collection classes implements a dynamic array?</questionDescription><option choice="false">ArrayList</option><option choice="true">LinkedList</option><option choice="false">AbstractList</option><option choice="false">AbstractSet</option></question><question id="2"><questionDescription>Which of these class can generate an array which can increase and decrease in size automatically?</questionDescription><option choice="false">DynamicList()</option><option choice="false">LinkedList()</option><option choice="true">ArrayList()</option><option choice="false">ArraySet()</option></question><question id="3"><questionDescription>Which of these method can be used to increase the capacity of ArrayList object manually?</questionDescription><option choice="false">IncreaseCapacity</option><option choice="false">DecreaseCapacity</option><option choice="false">capacity</option><option choice="true">ensureCapacity</option></question><question id="4"><questionDescription>Which of these method of ArrayList class is used to obtain present size of an object?</questionDescription><option choice="true">Index()</option><option choice="false">Size()</option><option choice="false">Capacity()</option><option choice="false">Length()</option></question><question id="5"><questionDescription>Which of these methods can be used to obtain a static array from an ArrayList object?</questionDescription><option choice="false">Array()</option><option choice="false">toArray()</option><option choice="false">convertToArray()</option><option choice="true">convertArray()</option></question></subject></CollectionOfJava>