<?xml version="1.0" encoding="UTF-8"?>
<employees>
	<employee>
		<empId>1001</empId>
		<empName>Aman</empName>
		<empSalary>25000</empSalary>
	</employee>
	<employee>
		<empId>1002</empId>
		<empName>Ankit</empName>
		<empSalary>55000</empSalary>
	</employee>
	<employee>
		<empId>1003</empId>
		<empName>Anil</empName>
		<empSalary>34000</empSalary>
	</employee>
	<employee>
		<empId>1004</empId>
		<empName>Ankush</empName>
		<empSalary>35000</empSalary>
	</employee>
	<employee>
		<empId>1002</empId>
		<empName>Anmol</empName>
		<empSalary>27000</empSalary>
	</employee>
	<employee>
		<empId>1002</empId>
		<empName>Shivam</empName>
		<empSalary>3200</empSalary>
	</employee>
</employees>