 { 
 
 "CategoryId":"Category01",
 
    "CategoryDescription":"Category 1 Description",
    "Categories": 
        {
            "subCategoryId":"SubCategory01",
            "subCategoryDescription": "SubCategory 1 Description",
            "subCategoryProducts": 
                {
                    "ProductId":"PROD01",
                    "ProductDescription": "PROD 01 description",
                    "Items": 
                        {
                            "ItemId":"ITEM01",
                            "ItemDescription": "ITEM 1 description",
                            "ItemUnitPrice": 5000,
                        }
                }           
        }   
}
{
    "CategoryId":"Category02",
    "CategoryDescription":"Category 2 description",
    "Categories": 
        {
            "subCategoryId":"SubCategory02",
            "subCategoryDescription":"SubCategory 2 description",
            "subCategoryProducts": 
                {
                    "ProductId":"PROD02",
                    "ProductDescription":"PROD 02 description",
                    "Items": 
                        {
                            "ItemId":"ITEM03",
                            "ItemDescription":"ITEM 3 description",
                            "ItemUnitPrice": 6000,
                        },
                          {
                            "ItemId":"ITEM02",
                            "ItemDescription":"ITEM 2 description",
                            "ItemUnitPrice": 4000,
                        }                                      
                }
        }
}